iteration,exploitability,it_t,pl0_buff,pl1_buff,str_buff,policy_loss,avg_game_score_s,avg_game_score_h
0,0.13897381886144633,155.048593044281,67997,13870,121563,0.107639104,0.06311111339076812,-0.06311111339076812
0,0.07211093499987326,301.933895111084,225889,45089,389393,0.27999872,0.020954087498736923,-0.020954087498736923
0,0.018859958230466642,446.21697878837585,465064,97673,815410,0.5089776,0.00968364312248814,-0.00968364312248814
0,0.007391368840775856,623.5171339511871,784164,202401,1502935,1.3926423,0.0021503321747640444,-0.0021503321747640444
0,0.019424414847596272,789.484405040741,1180063,347072,2404049,1.7884789,0.001696629019596138,-0.001696629019596138
0,0.009997904763927508,905.196142911911,1660063,479224,3346558,2.5237505,0.0018234312506369699,-0.0018234312506369699
,,,,,,,,
0,0.10121456655566355,160.06948113441467,69850,10270,109953,0.08644151,0.06553300046998511,-0.06553300046998511
0,0.01988435701424534,309.9719331264496,229064,45192,392783,0.19487186,0.010382357383661094,-0.010382357383661094
0,0.02722883814705464,479.12376403808594,468628,133092,944632,0.84277177,0.00014652941796167683,-0.00014652941796167683
0,0.012726788621077647,1804.9276926517487,784755,190718,1459637,1.0911167,0.0044952611089836125,-0.0044952611089836125
0,0.006209183656329513,4950.836874961853,1184755,260325,2102462,1.2855079,0.0022167007627049637,-0.0022167007627049637
0,0.012854407413148979,6228.465527057648,1661786,353484,2908584,2.3906815,0.001777867698906777,-0.001777867698906777
,,,,,,,,
0,0.1215984495506069,1704.0989880561829,66924,11724,114137,0.16005905,0.08440079261513658,-0.08440079261513658
0,0.04865457198827454,4035.413803100586,224159,34194,350080,0.21564993,0.020012809172381792,-0.020012809172381792
0,0.04141256442689709,2531.057142019272,459336,96788,808848,0.8741331,0.01229225647608456,-0.01229225647608456
0,0.015541453534929722,568.4222459793091,778516,158195,1343507,0.9252155,0.007254054842434832,-0.007254054842434832
0,0.030833107117683996,2163.8147370815277,1172306,283889,2174700,2.1168253,0.0020020295348346043,-0.0020020295348346043
0,0.022620691405855133,2508.3575508594513,1644112,366244,2944697,2.3655987,0.010367173914645401,-0.010367173914645401
,,,,,,,,
0,0.28302521209464776,854.0778021812439,71196,10429,110375,0.20304665,0.08055919825790572,-0.08055919825790572
0,0.04432817402307251,2789.5004868507385,227831,29031,335022,0.16284746,0.034767680307542834,-0.034767680307542834
0,0.01139739553847061,5452.338808059692,467831,85327,775526,0.53177184,0.005766270175899858,-0.005766270175899858
0,0.01534245123281017,6015.5405831336975,786179,257248,1706911,1.2885543,0.00039777511668246247,-0.00039777511668246247
0,0.015387256806598254,7533.240114212036,1181910,328770,2353357,1.6498028,0.004268355319164975,-0.004268355319164975
0,0.009208555735079664,11818.52772808075,1660148,447831,3252583,1.9887688,0.0035167913926923188,-0.0035167913926923188
,,,,,,,,
0,0.07974740925379267,1143.058053970337,72506,10166,110207,0.071502164,0.05570986226748121,-0.05570986226748121
0,0.01880378110382628,1944.6141481399536,231910,36411,363790,0.23701543,0.010556992491983067,-0.010556992491983067
0,0.009190488297861666,3926.7602829933167,471319,87756,783268,0.6438863,0.003028103157856601,-0.003028103157856601
0,0.02474275368527584,727.8398101329803,791319,207944,1520469,1.3645517,-0.0008333642614110047,0.0008333642614110047
0,0.01445599197893874,6123.7094349861145,1187347,357977,2445357,2.2954125,0.00044668293309291316,-0.00044668293309291316
0,0.011366647133190433,3485.808990955353,1661785,508790,3446557,2.746212,0.0014017361308410119,-0.0014017361308410119
,,,,,,,,
